id;type;source_name;proposed_canonical;reason;decision;override_canonical;notes;;;;;
Band_Assisted_Pull-Up;alias;Band Assisted Pull-Up;Pull-up;equipment_conflict;reject;;;;;;;
Band_Skull_Crusher;alias;Band Skull Crusher;Skull Crusher;equipment_conflict;reject;;;;;;;
Barbell_Glute_Bridge;alias;Barbell Glute Bridge;Glute Bridge;equipment_conflict,category_conflict;reject;;;;;;;
Barbell_Hack_Squat;alias;Barbell Hack Squat;Hack Squat;equipment_conflict;reject;;;;;;;
Barbell_Lunge;alias;Barbell Lunge;Lunge;equipment_conflict;reject;;;;;;;
Barbell_Seated_Calf_Raise;alias;Barbell Seated Calf Raise;Calf Raise;equipment_conflict;reject;;;;;;;
Barbell_Shoulder_Press;alias;Barbell Shoulder Press;Dumbbell OHP;equipment_conflict;reject;;;;;;;
Barbell_Step_Ups;alias;Barbell Step Ups;Step-up;equipment_conflict,category_conflict;reject;;;;;;;
Bench_Press_-_With_Bands;alias;Bench Press - With Bands;Bench Press;equipment_conflict;reject;;;;;;;
Bent-Arm_Barbell_Pullover;alias;Bent-Arm Barbell Pullover;Dumbbell Pullover;equipment_conflict,category_conflict;reject;;;;;;;
Bent-Arm_Dumbbell_Pullover;alias;Bent-Arm Dumbbell Pullover;Dumbbell Pullover;category_conflict;accept;;;;;;;
Bodyweight_Squat;alias;Bodyweight Squat;Squat;equipment_conflict;reject;;;;;;;
Cable_Internal_Rotation;alias;Cable Internal Rotation;Band Internal Rotation;equipment_conflict,category_conflict;reject;;;;;;;
Cable_Preacher_Curl;alias;Cable Preacher Curl;Preacher Curl;equipment_conflict;reject;;;;;;;
Cable_Rear_Delt_Fly;alias;Cable Rear Delt Fly;Rear Delt Fly;equipment_conflict;reject;;;;;;;
Cable_Seated_Lateral_Raise;alias;Cable Seated Lateral Raise;Lateral Raise;equipment_conflict;reject;;;;;;;
Cable_Shrugs;alias;Cable Shrugs;Shrug;equipment_conflict;reject;;;;;;;
Cable_Wrist_Curl;alias;Cable Wrist Curl;Wrist Flexion;equipment_conflict;reject;;;;;;;
Calf_Raise_On_A_Dumbbell;alias;Calf Raise On A Dumbbell;Calf Raise;equipment_conflict;reject;;;;;;;
Calf_Raises_-_With_Bands;alias;Calf Raises - With Bands;Calf Raise;equipment_conflict;reject;;;;;;;
Car_Deadlift;alias;Car Deadlift;Deadlift;equipment_conflict;reject;;;;;;;
Dip_Machine;alias;Dip Machine;Dip;equipment_conflict;reject;;;;;;;
Dumbbell_Alternate_Bicep_Curl;alias;Dumbbell Alternate Bicep Curl;Barbell Curl;equipment_conflict;reject;;;;;;;
Dumbbell_Bench_Press_with_Neutral_Grip;alias;Dumbbell Bench Press with Neutral Grip;Bench Press;equipment_conflict;reject;;;;;;;
Dumbbell_Bicep_Curl;alias;Dumbbell Bicep Curl;Barbell Curl;equipment_conflict;reject;;;;;;;
Dumbbell_One-Arm_Upright_Row;alias;Dumbbell One-Arm Upright Row;Upright Row;equipment_conflict;reject;;;;;;;
Dumbbell_Scaption;alias;Dumbbell Scaption;Full Can Raise;category_conflict;reject;;;;;;;
Dumbbell_Seated_Box_Jump;alias;Dumbbell Seated Box Jump;Box Jump;equipment_conflict;reject;;;;;;;
Dumbbell_Seated_One-Leg_Calf_Raise;alias;Dumbbell Seated One-Leg Calf Raise;Calf Raise;equipment_conflict;reject;;;;;;;
Dumbbell_Shrug;alias;Dumbbell Shrug;Shrug;equipment_conflict;reject;;;;;;;
Dumbbell_Squat;alias;Dumbbell Squat;Squat;equipment_conflict;reject;;;;;;;
Dumbbell_Step_Ups;alias;Dumbbell Step Ups;Step-up;equipment_conflict,category_conflict;reject;;;;;;;
External_Rotation_with_Band;alias;External Rotation with Band;Band External Rotation;category_conflict;accept;;;;;;;
External_Rotation_with_Cable;alias;External Rotation with Cable;Band External Rotation;equipment_conflict,category_conflict;reject;;;;;;;
Hyperextensions_Back_Extensions;alias;Hyperextensions (Back Extensions);Back Extension;equipment_conflict;reject;;;;;;;
Incline_Cable_Flye;alias;Incline Cable Flye;Incline DB Fly;equipment_conflict;reject;;;;;;;
Incline_Dumbbell_Flyes;alias;Incline Dumbbell Flyes;Incline DB Fly;category_conflict;accept;;;;;;;
Internal_Rotation_with_Band;alias;Internal Rotation with Band;Band Internal Rotation;category_conflict;accept;;;;;;;
Lateral_Raise_-_With_Bands;alias;Lateral Raise - With Bands;Lateral Raise;equipment_conflict;reject;;;;;;;
Lying_Dumbbell_Tricep_Extension;alias;Lying Dumbbell Tricep Extension;Skull Crusher;equipment_conflict;reject;;;;;;;
Lying_Machine_Squat;alias;Lying Machine Squat;Squat;equipment_conflict;reject;;;;;;;
Lying_T-Bar_Row;alias;Lying T-Bar Row;T-Bar Row;equipment_conflict;reject;;;;;;;
Machine_Bench_Press;alias;Machine Bench Press;Bench Press;equipment_conflict;reject;;;;;;;
Machine_Bicep_Curl;alias;Machine Bicep Curl;Barbell Curl;equipment_conflict;reject;;;;;;;
One-Arm_Kettlebell_Push_Press;alias;One-Arm Kettlebell Push Press;Push Press;kettlebell_no_wodl_equipment;reject;;;;;;;
One-Arm_Kettlebell_Row;alias;One-Arm Kettlebell Row;Dumbbell Row;kettlebell_no_wodl_equipment;reject;;;;;;;
One_Arm_Chin-Up;alias;One Arm Chin-Up;Chin-up;equipment_conflict;reject;;;;;;;
One_Arm_Dumbbell_Preacher_Curl;alias;One Arm Dumbbell Preacher Curl;Preacher Curl;equipment_conflict;reject;;;;;;;
Pin_Presses;alias;Pin Presses;Leg Press;equipment_conflict;reject;;;;;;;
Reverse_Cable_Curl;alias;Reverse Cable Curl;Reverse Curl;equipment_conflict;reject;;;;;;;
Reverse_Hyperextension;alias;Reverse Hyperextension;Back Extension;equipment_conflict;reject;;;;;;;
Reverse_Plate_Curls;alias;Reverse Plate Curls;Reverse Curl;equipment_conflict;reject;;;;;;;
Rocking_Standing_Calf_Raise;alias;Rocking Standing Calf Raise;Calf Raise;equipment_conflict;reject;;;;;;;
Side_Leg_Raises;alias;Side Leg Raises;Side-Lying Hip Abduction;category_conflict;accept;;;;;;;
Single_Leg_Glute_Bridge;alias;Single Leg Glute Bridge;Glute Bridge;category_conflict;reject;;;;;;;
Sled_Overhead_Triceps_Extension;alias;Sled Overhead Triceps Extension;Overhead Tricep Extension;equipment_conflict;reject;;;;;;;
Smith_Machine_Bench_Press;alias;Smith Machine Bench Press;Bench Press;equipment_conflict;reject;;;;;;;
Smith_Machine_Bent_Over_Row;alias;Smith Machine Bent Over Row;Barbell Row;equipment_conflict;reject;;;;;;;
Smith_Machine_Close-Grip_Bench_Press;alias;Smith Machine Close-Grip Bench Press;Close Grip Bench Press;equipment_conflict;reject;;;;;;;
Smith_Machine_Incline_Bench_Press;alias;Smith Machine Incline Bench Press;Incline Bench Press;equipment_conflict;reject;;;;;;;
Smith_Machine_One-Arm_Upright_Row;alias;Smith Machine One-Arm Upright Row;Upright Row;equipment_conflict;reject;;;;;;;
Smith_Machine_Squat;alias;Smith Machine Squat;Squat;equipment_conflict;reject;;;;;;;
Smith_Machine_Upright_Row;alias;Smith Machine Upright Row;Upright Row;equipment_conflict;reject;;;;;;;
Smith_Single-Leg_Split_Squat;alias;Smith Single-Leg Split Squat;Bulgarian Split Squat;equipment_conflict;reject;;;;;;;
Split_Squats;alias;Split Squats;Bulgarian Split Squat;category_conflict;reject;;;;;;;
Standing_Barbell_Calf_Raise;alias;Standing Barbell Calf Raise;Calf Raise;equipment_conflict;reject;;;;;;;
Standing_Dumbbell_Calf_Raise;alias;Standing Dumbbell Calf Raise;Calf Raise;equipment_conflict;reject;;;;;;;
Standing_Dumbbell_Press;alias;Standing Dumbbell Press;OHP;equipment_conflict;reject;;;;;;;
Standing_Dumbbell_Reverse_Curl;alias;Standing Dumbbell Reverse Curl;Reverse Curl;equipment_conflict;reject;;;;;;;
Standing_Dumbbell_Upright_Row;alias;Standing Dumbbell Upright Row;Upright Row;equipment_conflict;reject;;;;;;;
Two-Arm_Dumbbell_Preacher_Curl;alias;Two-Arm Dumbbell Preacher Curl;Preacher Curl;equipment_conflict;reject;;;;;;;
Two-Arm_Kettlebell_Military_Press;alias;Two-Arm Kettlebell Military Press;OHP;kettlebell_no_wodl_equipment;reject;;;;;;;
Upright_Cable_Row;alias;Upright Cable Row;Upright Row;equipment_conflict;reject;;;;;;;
Upright_Row_-_With_Bands;alias;Upright Row - With Bands;Upright Row;equipment_conflict;reject;;;;;;;
Weighted_Jump_Squat;alias;Weighted Jump Squat;Jump Squat;equipment_conflict,category_conflict;accept;;;;;;;
Weighted_Sit-Ups_-_With_Bands;alias;Weighted Sit-Ups - With Bands;Sit-up;equipment_conflict;reject;;;;;;;
Weighted_Squat;alias;Weighted Squat;Squat;equipment_conflict;accept;;;;;;;
core:hang clean;new_exercise;hang clean;Hang Clean;curated_missing_basic_exercise;accept;;Alternating Hang Clean;;;; Hang Clean; Kettlebell Hang Clean
core:arnold press;new_exercise;arnold press;Arnold Press;curated_missing_basic_exercise;accept;;Arnold Dumbbell Press;;;; Kettlebell Arnold Press;
core:good morning;new_exercise;good morning;Good Morning;curated_missing_basic_exercise;accept;;Band Good Morning;;;; Good Morning;
core:walking lunge;new_exercise;walking lunge;Walking Lunge;curated_missing_basic_exercise;accept;;Barbell Walking Lunge;;;; Bodyweight Walking Lunge;
core:glute ham raise;new_exercise;glute ham raise;Glute-Ham Raise;curated_missing_basic_exercise;accept;;Floor Glute-Ham Raise;;;; Glute Ham Raise;
core:pistol squat;new_exercise;pistol squat;Pistol Squat;curated_missing_basic_exercise;accept;;Kettlebell Pistol Squat;;;; Smith Machine Pistol Squat;
core:snatch;new_exercise;snatch;Snatch;curated_missing_basic_exercise;accept;;One-Arm Kettlebell Snatch;;;; Snatch;
core:concentration curl;new_exercise;concentration curl;Concentration Curl;curated_missing_basic_exercise;accept;;Seated Close-Grip Concentration Barbell Curl;;;; Standing Concentration Curl;
core:renegade row;new_exercise;renegade row;Renegade Row;curated_missing_basic_exercise;accept;;Alternating Renegade Row;;;;;
core:ab rollout;new_exercise;ab rollout;Ab Rollout;curated_missing_basic_exercise;accept;;Barbell Ab Rollout;;;;;
core:ab rollout knees;new_exercise;ab rollout knees;Ab Rollout;curated_missing_basic_exercise;accept;;Barbell Ab Rollout - On Knees;;;;;
core:russian twists;new_exercise;russian twists;Russian Twist;curated_missing_basic_exercise;accept;;Cable Russian Twists;;;;;
core:concentration curls;new_exercise;concentration curls;Concentration Curl;curated_missing_basic_exercise;accept;;Concentration Curls;;;;;
core:double hang clean;new_exercise;double hang clean;Hang Clean;curated_missing_basic_exercise;accept;;Double Kettlebell Alternating Hang Clean;;;;;
core:farmer s walk;new_exercise;farmer s walk;Farmer's Walk;curated_missing_basic_exercise;accept;;Farmer's Walk;;;;;
core:windmill;new_exercise;windmill;Windmill;curated_missing_basic_exercise;accept;;Kettlebell Windmill;;;;;
core:natural glute ham raise;new_exercise;natural glute ham raise;Glute-Ham Raise;curated_missing_basic_exercise;accept;;Natural Glute Ham Raise;;;;;
core:pull through;new_exercise;pull through;Cable Pull Through;curated_missing_basic_exercise;accept;;Pull Through;;;;;
core:russian twist;new_exercise;russian twist;Russian Twist;curated_missing_basic_exercise;accept;;Russian Twist;;;;;
core:good mornings;new_exercise;good mornings;Good Morning;curated_missing_basic_exercise;accept;;Seated Good Mornings;;;;;
core:hang power clean;new_exercise;hang power clean;Hang Clean;curated_missing_basic_exercise;accept;;Smith Machine Hang Power Clean;;;;;
core:stiff good morning;new_exercise;stiff good morning;Good Morning;curated_missing_basic_exercise;accept;;Stiff Leg Barbell Good Morning;;;;;
core:sissy squat;new_exercise;sissy squat;Sissy Squat;curated_missing_basic_exercise;accept;;Weighted Sissy Squat;;;;;
core:windmills;new_exercise;windmills;Windmill;curated_missing_basic_exercise;reject;;Windmills;;;;;
core:zercher squats;new_exercise;zercher squats;Zercher Squat;curated_missing_basic_exercise;accept;;Zercher Squats;;;;;